--INSERT TB_TIPO------------------------------------------

INSERT INTO TB_TIPO (ID_TIPO,DS_RECEITA,STATUS) VALUES (1,'CONTA_CORRENTE', 'ATIVO');
INSERT INTO TB_TIPO (ID_TIPO,DS_RECEITA,STATUS) VALUES (2,'CONTA_POUPANCA', 'ATIVO');
INSERT INTO TB_TIPO (ID_TIPO,DS_RECEITA,STATUS) VALUES (3,'RENDA_CARTAO', 'ATIVO');
INSERT INTO TB_TIPO (ID_TIPO,DS_RECEITA,STATUS) VALUES (4,'CREDITO', 'ATIVO');
INSERT INTO TB_TIPO (ID_TIPO,DS_RECEITA,STATUS) VALUES (5,'ADMINISTRACAO_FUNDO', 'ATIVO');
INSERT INTO TB_TIPO (ID_TIPO,DS_RECEITA,STATUS) VALUES (6,'TARIFA_INTERBANCARIA', 'ATIVO');  

--INSERT TB_RECEITA --------------------------------------

INSERT INTO TB_RECEITA (ID_RECEITA,ID_TIPO,DT_ANO,VL_RECEITA) VALUES (SQ_TB_RECEITA.NEXTVAL,1,TO_DATE('2015', 'yyyy'),9495568290.93);
INSERT INTO TB_RECEITA (ID_RECEITA,ID_TIPO,DT_ANO,VL_RECEITA) VALUES (SQ_TB_RECEITA.NEXTVAL,2,TO_DATE('2015', 'yyyy'),10251987789.49);
INSERT INTO TB_RECEITA (ID_RECEITA,ID_TIPO,DT_ANO,VL_RECEITA) VALUES (SQ_TB_RECEITA.NEXTVAL,3,TO_DATE('2015', 'yyyy'),65341236974.32);
INSERT INTO TB_RECEITA (ID_RECEITA,ID_TIPO,DT_ANO,VL_RECEITA) VALUES (SQ_TB_RECEITA.NEXTVAL,4,TO_DATE('2015', 'yyyy'),29578745236.51);
INSERT INTO TB_RECEITA (ID_RECEITA,ID_TIPO,DT_ANO,VL_RECEITA) VALUES (SQ_TB_RECEITA.NEXTVAL,5,TO_DATE('2015', 'yyyy'),106785239.64);
INSERT INTO TB_RECEITA (ID_RECEITA,ID_TIPO,DT_ANO,VL_RECEITA) VALUES (SQ_TB_RECEITA.NEXTVAL,6,TO_DATE('2015', 'yyyy'),895875236.10);

INSERT INTO TB_RECEITA (ID_RECEITA,ID_TIPO,DT_ANO,VL_RECEITA) VALUES (SQ_TB_RECEITA.NEXTVAL,1,TO_DATE('2016', 'yyyy'),10565568290.93);
INSERT INTO TB_RECEITA (ID_RECEITA,ID_TIPO,DT_ANO,VL_RECEITA) VALUES (SQ_TB_RECEITA.NEXTVAL,2,TO_DATE('2016', 'yyyy'),12251987789.49);
INSERT INTO TB_RECEITA (ID_RECEITA,ID_TIPO,DT_ANO,VL_RECEITA) VALUES (SQ_TB_RECEITA.NEXTVAL,3,TO_DATE('2016', 'yyyy'),69651236974.32);
INSERT INTO TB_RECEITA (ID_RECEITA,ID_TIPO,DT_ANO,VL_RECEITA) VALUES (SQ_TB_RECEITA.NEXTVAL,4,TO_DATE('2016', 'yyyy'),32238745236.51);
INSERT INTO TB_RECEITA (ID_RECEITA,ID_TIPO,DT_ANO,VL_RECEITA) VALUES (SQ_TB_RECEITA.NEXTVAL,5,TO_DATE('2016', 'yyyy'),125785239.64);
INSERT INTO TB_RECEITA (ID_RECEITA,ID_TIPO,DT_ANO,VL_RECEITA) VALUES (SQ_TB_RECEITA.NEXTVAL,6,TO_DATE('2016', 'yyyy'),937875236.10);

INSERT INTO TB_RECEITA (ID_RECEITA,ID_TIPO,DT_ANO,VL_RECEITA) VALUES (SQ_TB_RECEITA.NEXTVAL,1,TO_DATE('2017', 'yyyy'),12515568290.93);
INSERT INTO TB_RECEITA (ID_RECEITA,ID_TIPO,DT_ANO,VL_RECEITA) VALUES (SQ_TB_RECEITA.NEXTVAL,2,TO_DATE('2017', 'yyyy'),15851987789.49);
INSERT INTO TB_RECEITA (ID_RECEITA,ID_TIPO,DT_ANO,VL_RECEITA) VALUES (SQ_TB_RECEITA.NEXTVAL,3,TO_DATE('2017', 'yyyy'),78541236974.32);
INSERT INTO TB_RECEITA (ID_RECEITA,ID_TIPO,DT_ANO,VL_RECEITA) VALUES (SQ_TB_RECEITA.NEXTVAL,4,TO_DATE('2017', 'yyyy'),35678745236.51);
INSERT INTO TB_RECEITA (ID_RECEITA,ID_TIPO,DT_ANO,VL_RECEITA) VALUES (SQ_TB_RECEITA.NEXTVAL,5,TO_DATE('2017', 'yyyy'),154785239.64);
INSERT INTO TB_RECEITA (ID_RECEITA,ID_TIPO,DT_ANO,VL_RECEITA) VALUES (SQ_TB_RECEITA.NEXTVAL,6,TO_DATE('2017', 'yyyy'),989875236.10);

INSERT INTO TB_RECEITA (ID_RECEITA,ID_TIPO,DT_ANO,VL_RECEITA) VALUES (SQ_TB_RECEITA.NEXTVAL,1,TO_DATE('2018', 'yyyy'),19319468290.93);
INSERT INTO TB_RECEITA (ID_RECEITA,ID_TIPO,DT_ANO,VL_RECEITA) VALUES (SQ_TB_RECEITA.NEXTVAL,2,TO_DATE('2018', 'yyyy'),18741267789.49);
INSERT INTO TB_RECEITA (ID_RECEITA,ID_TIPO,DT_ANO,VL_RECEITA) VALUES (SQ_TB_RECEITA.NEXTVAL,3,TO_DATE('2018', 'yyyy'),85589516974.32);
INSERT INTO TB_RECEITA (ID_RECEITA,ID_TIPO,DT_ANO,VL_RECEITA) VALUES (SQ_TB_RECEITA.NEXTVAL,4,TO_DATE('2018', 'yyyy'),41968999936.51);
INSERT INTO TB_RECEITA (ID_RECEITA,ID_TIPO,DT_ANO,VL_RECEITA) VALUES (SQ_TB_RECEITA.NEXTVAL,5,TO_DATE('2018', 'yyyy'),205085239.64);
INSERT INTO TB_RECEITA (ID_RECEITA,ID_TIPO,DT_ANO,VL_RECEITA) VALUES (SQ_TB_RECEITA.NEXTVAL,6,TO_DATE('2018', 'yyyy'),1058775236.10);

INSERT INTO TB_RECEITA (ID_RECEITA,ID_TIPO,DT_ANO,VL_RECEITA) VALUES (SQ_TB_RECEITA.NEXTVAL,1,TO_DATE('2019', 'yyyy'),20305568290.93);
INSERT INTO TB_RECEITA (ID_RECEITA,ID_TIPO,DT_ANO,VL_RECEITA) VALUES (SQ_TB_RECEITA.NEXTVAL,2,TO_DATE('2019', 'yyyy'),20501987789.49);
INSERT INTO TB_RECEITA (ID_RECEITA,ID_TIPO,DT_ANO,VL_RECEITA) VALUES (SQ_TB_RECEITA.NEXTVAL,3,TO_DATE('2019', 'yyyy'),87251236974.32);
INSERT INTO TB_RECEITA (ID_RECEITA,ID_TIPO,DT_ANO,VL_RECEITA) VALUES (SQ_TB_RECEITA.NEXTVAL,4,TO_DATE('2019', 'yyyy'),45968745236.51);
INSERT INTO TB_RECEITA (ID_RECEITA,ID_TIPO,DT_ANO,VL_RECEITA) VALUES (SQ_TB_RECEITA.NEXTVAL,5,TO_DATE('2019', 'yyyy'),236585239.64);
INSERT INTO TB_RECEITA (ID_RECEITA,ID_TIPO,DT_ANO,VL_RECEITA) VALUES (SQ_TB_RECEITA.NEXTVAL,6,TO_DATE('2019', 'yyyy'),1086875236.10);

--INSERT TB_PROJECAO -----------------------------------

INSERT INTO TB_PROJECAO (ID_PROJECAO,ID_TIPO,ID_RECEITA,DT_PROJECAO,VL_PROJECAO) VALUES (SQ_TB_PROJECAO.NEXTVAL,1,1,TO_DATE('2020', 'yyyy'),999988290.93);
INSERT INTO TB_PROJECAO (ID_PROJECAO,ID_TIPO,ID_RECEITA,DT_PROJECAO,VL_PROJECAO) VALUES (SQ_TB_PROJECAO.NEXTVAL,1,1,TO_DATE('2020', 'yyyy'),9999668290.70);
INSERT INTO TB_PROJECAO (ID_PROJECAO,ID_TIPO,ID_RECEITA,DT_PROJECAO,VL_PROJECAO) VALUES (SQ_TB_PROJECAO.NEXTVAL,1,1,TO_DATE('2020', 'yyyy'),99998668290.50);
INSERT INTO TB_PROJECAO (ID_PROJECAO,ID_TIPO,ID_RECEITA,DT_PROJECAO,VL_PROJECAO) VALUES (SQ_TB_PROJECAO.NEXTVAL,1,1,TO_DATE('2020', 'yyyy'),95598668290.90);
INSERT INTO TB_PROJECAO (ID_PROJECAO,ID_TIPO,ID_RECEITA,DT_PROJECAO,VL_PROJECAO) VALUES (SQ_TB_PROJECAO.NEXTVAL,1,1,TO_DATE('2020', 'yyyy'),988985668290.92);

INSERT INTO TB_PROJECAO (ID_PROJECAO,ID_TIPO,ID_RECEITA,DT_PROJECAO,VL_PROJECAO) VALUES (SQ_TB_PROJECAO.NEXTVAL,2,2,TO_DATE('2020', 'yyyy'),1999988290.93);
INSERT INTO TB_PROJECAO (ID_PROJECAO,ID_TIPO,ID_RECEITA,DT_PROJECAO,VL_PROJECAO) VALUES (SQ_TB_PROJECAO.NEXTVAL,2,2,TO_DATE('2020', 'yyyy'),22999668290.70);
INSERT INTO TB_PROJECAO (ID_PROJECAO,ID_TIPO,ID_RECEITA,DT_PROJECAO,VL_PROJECAO) VALUES (SQ_TB_PROJECAO.NEXTVAL,2,2,TO_DATE('2020', 'yyyy'),399998668290.50);
INSERT INTO TB_PROJECAO (ID_PROJECAO,ID_TIPO,ID_RECEITA,DT_PROJECAO,VL_PROJECAO) VALUES (SQ_TB_PROJECAO.NEXTVAL,2,2,TO_DATE('2020', 'yyyy'),495598668290.90);
INSERT INTO TB_PROJECAO (ID_PROJECAO,ID_TIPO,ID_RECEITA,DT_PROJECAO,VL_PROJECAO) VALUES (SQ_TB_PROJECAO.NEXTVAL,2,2,TO_DATE('2020', 'yyyy'),5988985668290.92);

INSERT INTO TB_PROJECAO (ID_PROJECAO,ID_TIPO,ID_RECEITA,DT_PROJECAO,VL_PROJECAO) VALUES (SQ_TB_PROJECAO.NEXTVAL,3,3,TO_DATE('2020', 'yyyy'),699988290.93);
INSERT INTO TB_PROJECAO (ID_PROJECAO,ID_TIPO,ID_RECEITA,DT_PROJECAO,VL_PROJECAO) VALUES (SQ_TB_PROJECAO.NEXTVAL,3,3,TO_DATE('2020', 'yyyy'),799668290.70);
INSERT INTO TB_PROJECAO (ID_PROJECAO,ID_TIPO,ID_RECEITA,DT_PROJECAO,VL_PROJECAO) VALUES (SQ_TB_PROJECAO.NEXTVAL,3,3,TO_DATE('2020', 'yyyy'),8998668290.50);
INSERT INTO TB_PROJECAO (ID_PROJECAO,ID_TIPO,ID_RECEITA,DT_PROJECAO,VL_PROJECAO) VALUES (SQ_TB_PROJECAO.NEXTVAL,3,3,TO_DATE('2020', 'yyyy'),9598668290.90);
INSERT INTO TB_PROJECAO (ID_PROJECAO,ID_TIPO,ID_RECEITA,DT_PROJECAO,VL_PROJECAO) VALUES (SQ_TB_PROJECAO.NEXTVAL,3,3,TO_DATE('2020', 'yyyy'),18985668290.92);

INSERT INTO TB_PROJECAO (ID_PROJECAO,ID_TIPO,ID_RECEITA,DT_PROJECAO,VL_PROJECAO) VALUES (SQ_TB_PROJECAO.NEXTVAL,4,4,TO_DATE('2020', 'yyyy'),9998290.93);
INSERT INTO TB_PROJECAO (ID_PROJECAO,ID_TIPO,ID_RECEITA,DT_PROJECAO,VL_PROJECAO) VALUES (SQ_TB_PROJECAO.NEXTVAL,4,4,TO_DATE('2020', 'yyyy'),99968290.70);
INSERT INTO TB_PROJECAO (ID_PROJECAO,ID_TIPO,ID_RECEITA,DT_PROJECAO,VL_PROJECAO) VALUES (SQ_TB_PROJECAO.NEXTVAL,4,4,TO_DATE('2020', 'yyyy'),999668290.50);
INSERT INTO TB_PROJECAO (ID_PROJECAO,ID_TIPO,ID_RECEITA,DT_PROJECAO,VL_PROJECAO) VALUES (SQ_TB_PROJECAO.NEXTVAL,4,4,TO_DATE('2020', 'yyyy'),955668290.90);
INSERT INTO TB_PROJECAO (ID_PROJECAO,ID_TIPO,ID_RECEITA,DT_PROJECAO,VL_PROJECAO) VALUES (SQ_TB_PROJECAO.NEXTVAL,4,4,TO_DATE('2020', 'yyyy'),9885668290.92);

INSERT INTO TB_PROJECAO (ID_PROJECAO,ID_TIPO,ID_RECEITA,DT_PROJECAO,VL_PROJECAO) VALUES (SQ_TB_PROJECAO.NEXTVAL,5,5,TO_DATE('2020', 'yyyy'),999290.93);
INSERT INTO TB_PROJECAO (ID_PROJECAO,ID_TIPO,ID_RECEITA,DT_PROJECAO,VL_PROJECAO) VALUES (SQ_TB_PROJECAO.NEXTVAL,5,5,TO_DATE('2020', 'yyyy'),9998290.70);
INSERT INTO TB_PROJECAO (ID_PROJECAO,ID_TIPO,ID_RECEITA,DT_PROJECAO,VL_PROJECAO) VALUES (SQ_TB_PROJECAO.NEXTVAL,5,5,TO_DATE('2020', 'yyyy'),99968290.50);
INSERT INTO TB_PROJECAO (ID_PROJECAO,ID_TIPO,ID_RECEITA,DT_PROJECAO,VL_PROJECAO) VALUES (SQ_TB_PROJECAO.NEXTVAL,5,5,TO_DATE('2020', 'yyyy'),95568290.90);
INSERT INTO TB_PROJECAO (ID_PROJECAO,ID_TIPO,ID_RECEITA,DT_PROJECAO,VL_PROJECAO) VALUES (SQ_TB_PROJECAO.NEXTVAL,5,5,TO_DATE('2020', 'yyyy'),988668290.92);